{
  "name": "smart-glove",
  "version": "1.0.0",
  "title": "Smart Glove",
  "description": "App to send text messages between two phones using RedBearLab BLE boards.",
  "tags": [
    {
      "label": "arduino",
      "type": "platform"
    },
    {
      "label": "redbearlabs",
      "type": "vendor"
    },
    {
      "label": "ble",
      "type": "comm"
    }
  ],
  "libraries": [
    {
      "name": "jquery",
      "version": "2.1.1"
    }
  ],
  "plugins": [
    {
      "name": "cordova-plugin-ble",
      "version": "2.0.0"
    }
  ],
  "index-file": "index.html",
  "uuid": "687fd577-5ca5-4d17-8f6f-837fb64939ab",
  "icon": "app-icon.png",
  "doc-url": "http://evothings.com/2.2/doc/examples/redbearlab-simplechat.html",
  "long-description": "App to send text messages between two phones using RedBearLab BLE boards.",
  "cordova-id": "com.evothings.examples.redbearlabsimplechat",
  "author-name": "Sanjay",
  "author-email": "code.sanjaykholia@gmail.com",
  "author-url": "https://sanjaykholia.co"
}